"","SNP","effect_allele.exposure","other_allele.exposure","effect_allele.outcome","other_allele.outcome","beta.exposure","beta.outcome","eaf.exposure","eaf.outcome","remove","palindromic","ambiguous","id.outcome","chr","pos","se.outcome","samplesize.outcome","pval.outcome","outcome","originalname.outcome","outcome.deprecated","mr_keep.outcome","data_source.outcome","se.exposure","exposure","mr_keep.exposure","pval.exposure","pval_origin.exposure","id.exposure","data_source.exposure","action","mr_keep"
"1","rs11085725","T","C","T","C",-0.248461359,-0.235722,0.28,NA,FALSE,FALSE,FALSE,"ebi-a-GCST003156","19","10462513",0.0330323,14267,9.60064e-13,"Systemic lupus erythematosus || id:ebi-a-GCST003156","Systemic lupus erythematosus","Systemic lupus erythematosus ||  || ",TRUE,"igd",0.031699888,"sjd_eur.txt",TRUE,2.29025400066703e-15,"inferred","qvkSJY","textfile","3",TRUE
"2","rs2192008","A","G","A","G",0.207014169,0.24686,0.42,NA,FALSE,FALSE,FALSE,"ebi-a-GCST003156","2","191545147",0.0286083,14267,6.19156e-18,"Systemic lupus erythematosus || id:ebi-a-GCST003156","Systemic lupus erythematosus","Systemic lupus erythematosus ||  || ",TRUE,"igd",0.028239844,"sjd_eur.txt",TRUE,1.1458746608473e-13,"inferred","qvkSJY","textfile","3",TRUE
"3","rs2431697","C","T","C","T",-0.186329578,-0.223144,0.42,NA,FALSE,FALSE,FALSE,"ebi-a-GCST003156","5","159879978",0.0292964,14267,2.60136e-14,"Systemic lupus erythematosus || id:ebi-a-GCST003156","Systemic lupus erythematosus","Systemic lupus erythematosus ||  || ",TRUE,"igd",0.029845003,"sjd_eur.txt",TRUE,2.14296418745428e-10,"inferred","qvkSJY","textfile","3",TRUE
"4","rs3117581","G","A","G","A",0.733315,0.908259,0.0907032,NA,FALSE,FALSE,FALSE,"ebi-a-GCST003156","6","31624864",0.0432399,14267,5.89251e-98,"Systemic lupus erythematosus || id:ebi-a-GCST003156","Systemic lupus erythematosus","Systemic lupus erythematosus ||  || ",TRUE,"igd",0.039757921,"sjd_eur.txt",TRUE,2.88649186856906e-76,"inferred","qvkSJY","textfile","3",TRUE
"5","rs4841465","C","T","C","T",0.157003749,0.131028,0.48,NA,FALSE,FALSE,FALSE,"ebi-a-GCST003156","8","10819854",0.0280165,14267,2.9134e-06,"Systemic lupus erythematosus || id:ebi-a-GCST003156","Systemic lupus erythematosus","Systemic lupus erythematosus ||  || ",TRUE,"igd",0.025515521,"sjd_eur.txt",TRUE,3.79520333061587e-10,"inferred","qvkSJY","textfile","3",TRUE
"6","rs485497","A","G","A","G",0.262364264,0.0512633,0.48,NA,FALSE,FALSE,FALSE,"ebi-a-GCST003156","3","159719132",0.0302418,14267,0.0900534,"Systemic lupus erythematosus || id:ebi-a-GCST003156","Systemic lupus erythematosus","Systemic lupus erythematosus ||  || ",TRUE,"igd",0.058677661,"sjd_eur.txt",TRUE,3.88763724467706e-06,"inferred","qvkSJY","textfile","3",TRUE
"7","rs61117627","A","G","A","G",0.371563556,0.652325,0.03,NA,FALSE,FALSE,FALSE,"ebi-a-GCST003156","6","138243700",0.0754502,14267,5.34441e-18,"Systemic lupus erythematosus || id:ebi-a-GCST003156","Systemic lupus erythematosus","Systemic lupus erythematosus ||  || ",TRUE,"igd",0.072071464,"sjd_eur.txt",TRUE,1.26485731894515e-07,"inferred","qvkSJY","textfile","3",TRUE
"8","rs7119038","G","A","G","A",-0.301105093,-0.105361,0.23,NA,FALSE,FALSE,FALSE,"ebi-a-GCST003156","11","118738281",0.0358745,14267,0.0033149,"Systemic lupus erythematosus || id:ebi-a-GCST003156","Systemic lupus erythematosus","Systemic lupus erythematosus ||  || ",TRUE,"igd",0.075373524,"sjd_eur.txt",TRUE,3.23691156505488e-05,"inferred","qvkSJY","textfile","3",TRUE
"9","rs7210219","C","T","C","T",-0.248461359,-0.127833,0.19,NA,FALSE,FALSE,FALSE,"ebi-a-GCST003156","17","44018519",0.0346961,14267,0.000229261,"Systemic lupus erythematosus || id:ebi-a-GCST003156","Systemic lupus erythematosus","Systemic lupus erythematosus ||  || ",TRUE,"igd",0.03781019,"sjd_eur.txt",TRUE,2.49422148921334e-11,"inferred","qvkSJY","textfile","3",TRUE
"10","rs7523907","C","T","C","T",-0.162518929,-0.0725707,0.42,NA,FALSE,FALSE,FALSE,"ebi-a-GCST003156","1","167427247",0.0290986,14267,0.0126325,"Systemic lupus erythematosus || id:ebi-a-GCST003156","Systemic lupus erythematosus","Systemic lupus erythematosus ||  || ",TRUE,"igd",0.029162456,"sjd_eur.txt",TRUE,1.25279574599566e-08,"inferred","qvkSJY","textfile","3",TRUE
"11","rs7732451","G","A","G","A",0.292669614,0.262364,0.12,NA,FALSE,FALSE,FALSE,"ebi-a-GCST003156","5","150444212",0.0406415,14267,1.07813e-10,"Systemic lupus erythematosus || id:ebi-a-GCST003156","Systemic lupus erythematosus","Systemic lupus erythematosus ||  || ",TRUE,"igd",0.081644734,"sjd_eur.txt",TRUE,0.000168750868287226,"inferred","qvkSJY","textfile","3",TRUE
"12","rs7768653","C","T","C","T",0.122217633,0.207014,0.41,NA,FALSE,FALSE,FALSE,"ebi-a-GCST003156","6","106574794",0.0296891,14267,3.10814e-12,"Systemic lupus erythematosus || id:ebi-a-GCST003156","Systemic lupus erythematosus","Systemic lupus erythematosus ||  || ",TRUE,"igd",0.026395752,"sjd_eur.txt",TRUE,1.82655615678041e-06,"inferred","qvkSJY","textfile","3",TRUE
"13","rs909685","A","T","A","T",0.19062036,0.0582689,0.31,NA,FALSE,TRUE,TRUE,"ebi-a-GCST003156","22","39747671",0.0268509,14267,0.0299999,"Systemic lupus erythematosus || id:ebi-a-GCST003156","Systemic lupus erythematosus","Systemic lupus erythematosus ||  || ",TRUE,"igd",0.028693734,"sjd_eur.txt",TRUE,1.53394540091422e-11,"inferred","qvkSJY","textfile","3",FALSE
