"","SNP","effect_allele.exposure","other_allele.exposure","effect_allele.outcome","other_allele.outcome","beta.exposure","beta.outcome","eaf.exposure","eaf.outcome","remove","palindromic","ambiguous","id.outcome","chr","pos","se.outcome","samplesize.outcome","pval.outcome","outcome","originalname.outcome","outcome.deprecated","mr_keep.outcome","data_source.outcome","proxy.outcome","target_snp.outcome","proxy_snp.outcome","target_a1.outcome","target_a2.outcome","proxy_a1.outcome","proxy_a2.outcome","chr.exposure","pos.exposure","se.exposure","pval.exposure","samplesize.exposure","id.exposure","exposure","mr_keep.exposure","pval_origin.exposure","data_source.exposure","action","mr_keep"
"1","rs10036748","T","C","T","C",0.2021,0.1008,NA,0.2758,FALSE,FALSE,FALSE,"finn-b-M13_SJOGREN","5","150458146",0.045,NA,0.0250202,"Sicca syndrome [Sj<c2><9a>gren] || id:finn-b-M13_SJOGREN","Sicca syndrome [Sj<c2><9a>gren]","Sicca syndrome [Sj<c2><9a>gren] ||  || ",TRUE,"igd",NA,NA,NA,NA,NA,NA,NA,"5",150458146,0.0338,2.29298e-09,12653,"ebi-a-GCST90011866","Systemic lupus erythematosus || id:ebi-a-GCST90011866",TRUE,"reported","igd","3",TRUE
"2","rs10516487","A","G","A","G",-0.2547,-0.0503,NA,0.3095,FALSE,FALSE,FALSE,"finn-b-M13_SJOGREN","4","102751076",0.0435,NA,0.2477,"Sicca syndrome [Sj<c2><9a>gren] || id:finn-b-M13_SJOGREN","Sicca syndrome [Sj<c2><9a>gren]","Sicca syndrome [Sj<c2><9a>gren] ||  || ",TRUE,"igd",NA,NA,NA,NA,NA,NA,NA,"4",102751076,0.0398,1.63599e-10,12653,"ebi-a-GCST90011866","Systemic lupus erythematosus || id:ebi-a-GCST90011866",TRUE,"reported","igd","3",TRUE
"3","rs11059928","T","A","T","A",0.2888,0.0587,NA,0.1013,FALSE,TRUE,TRUE,"finn-b-M13_SJOGREN","12","129296103",0.0668,NA,0.3797,"Sicca syndrome [Sj<c2><9a>gren] || id:finn-b-M13_SJOGREN","Sicca syndrome [Sj<c2><9a>gren]","Sicca syndrome [Sj<c2><9a>gren] ||  || ",TRUE,"igd",NA,NA,NA,NA,NA,NA,NA,"12",129296103,0.0348,1.15398e-16,12653,"ebi-a-GCST90011866","Systemic lupus erythematosus || id:ebi-a-GCST90011866",TRUE,"reported","igd","3",FALSE
"4","rs11185603","G","C","G","C",-0.2703,-0.0962,NA,0.3008,FALSE,TRUE,TRUE,"finn-b-M13_SJOGREN","7","50306810",0.0435,NA,0.0270901,"Sicca syndrome [Sj<c2><9a>gren] || id:finn-b-M13_SJOGREN","Sicca syndrome [Sj<c2><9a>gren]","Sicca syndrome [Sj<c2><9a>gren] ||  || ",TRUE,"igd",NA,NA,NA,NA,NA,NA,NA,"7",50306810,0.0327,1.3369e-16,12653,"ebi-a-GCST90011866","Systemic lupus erythematosus || id:ebi-a-GCST90011866",TRUE,"reported","igd","3",FALSE
"5","rs1167791","T","C","T","C",0.1981,0.0568,NA,0.4421,FALSE,FALSE,FALSE,"finn-b-M13_SJOGREN","7","75170570",0.0404,NA,0.16,"Sicca syndrome [Sj<c2><9a>gren] || id:finn-b-M13_SJOGREN","Sicca syndrome [Sj<c2><9a>gren]","Sicca syndrome [Sj<c2><9a>gren] ||  || ",TRUE,"igd",NA,NA,NA,NA,NA,NA,NA,"7",75170570,0.0321,7.13806e-10,12653,"ebi-a-GCST90011866","Systemic lupus erythematosus || id:ebi-a-GCST90011866",TRUE,"reported","igd","3",TRUE
"6","rs11889341","T","C","T","C",0.4164,0.2201,NA,0.2313,FALSE,FALSE,FALSE,"finn-b-M13_SJOGREN","2","191943742",0.0479,NA,4.29497e-06,"Sicca syndrome [Sj<c2><9a>gren] || id:finn-b-M13_SJOGREN","Sicca syndrome [Sj<c2><9a>gren]","Sicca syndrome [Sj<c2><9a>gren] ||  || ",TRUE,"igd",NA,NA,NA,NA,NA,NA,NA,"2",191943742,0.0295,3.32889e-45,12653,"ebi-a-GCST90011866","Systemic lupus erythematosus || id:ebi-a-GCST90011866",TRUE,"reported","igd","3",TRUE
"7","rs12575600","G","C","G","C",0.276,0.0349,NA,0.1067,FALSE,TRUE,TRUE,"finn-b-M13_SJOGREN","11","128324869",0.0646,NA,0.589,"Sicca syndrome [Sj<c2><9a>gren] || id:finn-b-M13_SJOGREN","Sicca syndrome [Sj<c2><9a>gren]","Sicca syndrome [Sj<c2><9a>gren] ||  || ",TRUE,"igd",NA,NA,NA,NA,NA,NA,NA,"11",128324869,0.0293,4.12003e-21,12653,"ebi-a-GCST90011866","Systemic lupus erythematosus || id:ebi-a-GCST90011866",TRUE,"reported","igd","3",FALSE
"8","rs12599402","C","T","C","T",-0.1983,-0.0206,NA,0.4074,FALSE,FALSE,FALSE,"finn-b-M13_SJOGREN","16","11189888",0.0407,NA,0.6128,"Sicca syndrome [Sj<c2><9a>gren] || id:finn-b-M13_SJOGREN","Sicca syndrome [Sj<c2><9a>gren]","Sicca syndrome [Sj<c2><9a>gren] ||  || ",TRUE,"igd",NA,NA,NA,NA,NA,NA,NA,"16",11189888,0.0292,1.01508e-11,12653,"ebi-a-GCST90011866","Systemic lupus erythematosus || id:ebi-a-GCST90011866",TRUE,"reported","igd","3",TRUE
"9","rs13213165","G","T","G","T",0.2888,0.3484,NA,0.1106,FALSE,FALSE,FALSE,"finn-b-M13_SJOGREN","6","33039729",0.0641,NA,5.56404e-08,"Sicca syndrome [Sj<c2><9a>gren] || id:finn-b-M13_SJOGREN","Sicca syndrome [Sj<c2><9a>gren]","Sicca syndrome [Sj<c2><9a>gren] ||  || ",TRUE,"igd",NA,NA,NA,NA,NA,NA,NA,"6",33039729,0.0322,3.1268e-19,12653,"ebi-a-GCST90011866","Systemic lupus erythematosus || id:ebi-a-GCST90011866",TRUE,"reported","igd","3",TRUE
"10","rs13385731","C","T","C","T",-0.3654,0.0773,NA,0.04832,FALSE,FALSE,FALSE,"finn-b-M13_SJOGREN","2","33701890",0.0936,NA,0.4089,"Sicca syndrome [Sj<c2><9a>gren] || id:finn-b-M13_SJOGREN","Sicca syndrome [Sj<c2><9a>gren]","Sicca syndrome [Sj<c2><9a>gren] ||  || ",TRUE,"igd",NA,NA,NA,NA,NA,NA,NA,"2",33701890,0.0421,4.18794e-18,12653,"ebi-a-GCST90011866","Systemic lupus erythematosus || id:ebi-a-GCST90011866",TRUE,"reported","igd","3",TRUE
"11","rs16869875","T","C","T","C",0.4811,-0.2858,NA,0.02119,FALSE,FALSE,FALSE,"finn-b-M13_SJOGREN","6","32192217",0.137,NA,0.0370203,"Sicca syndrome [Sj<c2><9a>gren] || id:finn-b-M13_SJOGREN","Sicca syndrome [Sj<c2><9a>gren]","Sicca syndrome [Sj<c2><9a>gren] ||  || ",TRUE,"igd",NA,NA,NA,NA,NA,NA,NA,"6",32192217,0.04,3.0137e-33,12653,"ebi-a-GCST90011866","Systemic lupus erythematosus || id:ebi-a-GCST90011866",TRUE,"reported","igd","3",TRUE
"12","rs16870693","A","C","A","C",0.3849,-1.0289,NA,0.000579,FALSE,FALSE,FALSE,"finn-b-M13_SJOGREN","6","32711691",0.823,NA,0.2112,"Sicca syndrome [Sj<c2><9a>gren] || id:finn-b-M13_SJOGREN","Sicca syndrome [Sj<c2><9a>gren]","Sicca syndrome [Sj<c2><9a>gren] ||  || ",TRUE,"igd",NA,NA,NA,NA,NA,NA,NA,"6",32711691,0.0403,1.36994e-21,12653,"ebi-a-GCST90011866","Systemic lupus erythematosus || id:ebi-a-GCST90011866",TRUE,"reported","igd","3",TRUE
"13","rs201036579","C","T","C","T",-0.2878,-0.6815,NA,0.003942,FALSE,FALSE,FALSE,"finn-b-M13_SJOGREN","1","157499809",0.3253,NA,0.0361601,"Sicca syndrome [Sj<c2><9a>gren] || id:finn-b-M13_SJOGREN","Sicca syndrome [Sj<c2><9a>gren]","Sicca syndrome [Sj<c2><9a>gren] ||  || ",TRUE,"igd",TRUE,"rs201036579","rs12117143","C","T","C","A","1",157499390,0.0527,4.84998e-08,12653,"ebi-a-GCST90011866","Systemic lupus erythematosus || id:ebi-a-GCST90011866",TRUE,"reported","igd","3",TRUE
"14","rs2431697","C","T","C","T",-0.2538,-0.0758,NA,0.3877,FALSE,FALSE,FALSE,"finn-b-M13_SJOGREN","5","159879978",0.0411,NA,0.0649397,"Sicca syndrome [Sj<c2><9a>gren] || id:finn-b-M13_SJOGREN","Sicca syndrome [Sj<c2><9a>gren]","Sicca syndrome [Sj<c2><9a>gren] ||  || ",TRUE,"igd",NA,NA,NA,NA,NA,NA,NA,"5",159879978,0.0451,1.84098e-08,12653,"ebi-a-GCST90011866","Systemic lupus erythematosus || id:ebi-a-GCST90011866",TRUE,"reported","igd","3",TRUE
"15","rs244689","G","A","G","A",-0.1595,-0.0027,NA,0.7489,FALSE,FALSE,FALSE,"finn-b-M13_SJOGREN","5","133422816",0.0462,NA,0.9527,"Sicca syndrome [Sj<c2><9a>gren] || id:finn-b-M13_SJOGREN","Sicca syndrome [Sj<c2><9a>gren]","Sicca syndrome [Sj<c2><9a>gren] ||  || ",TRUE,"igd",NA,NA,NA,NA,NA,NA,NA,"5",133422816,0.0291,4.28697e-08,12653,"ebi-a-GCST90011866","Systemic lupus erythematosus || id:ebi-a-GCST90011866",TRUE,"reported","igd","3",TRUE
"16","rs2618473","T","C","T","C",0.359,0.1217,NA,0.2603,FALSE,FALSE,FALSE,"finn-b-M13_SJOGREN","8","11344127",0.0512,NA,0.0175299,"Sicca syndrome [Sj<c2><9a>gren] || id:finn-b-M13_SJOGREN","Sicca syndrome [Sj<c2><9a>gren]","Sicca syndrome [Sj<c2><9a>gren] ||  || ",TRUE,"igd",NA,NA,NA,NA,NA,NA,NA,"8",11344127,0.0339,2.88868e-26,12653,"ebi-a-GCST90011866","Systemic lupus erythematosus || id:ebi-a-GCST90011866",TRUE,"reported","igd","3",TRUE
"17","rs2841281","T","C","T","C",0.1933,0.0679,NA,0.595,FALSE,FALSE,FALSE,"finn-b-M13_SJOGREN","14","105394669",0.0408,NA,0.0960108,"Sicca syndrome [Sj<c2><9a>gren] || id:finn-b-M13_SJOGREN","Sicca syndrome [Sj<c2><9a>gren]","Sicca syndrome [Sj<c2><9a>gren] ||  || ",TRUE,"igd",NA,NA,NA,NA,NA,NA,NA,"14",105394669,0.0292,3.55795e-11,12653,"ebi-a-GCST90011866","Systemic lupus erythematosus || id:ebi-a-GCST90011866",TRUE,"reported","igd","3",TRUE
"18","rs3800387","A","G","A","G",0.1731,-0.2834,NA,0.03453,FALSE,FALSE,FALSE,"finn-b-M13_SJOGREN","6","35186501",0.1104,NA,0.0102601,"Sicca syndrome [Sj<c2><9a>gren] || id:finn-b-M13_SJOGREN","Sicca syndrome [Sj<c2><9a>gren]","Sicca syndrome [Sj<c2><9a>gren] ||  || ",TRUE,"igd",NA,NA,NA,NA,NA,NA,NA,"6",35186501,0.0303,1.079e-08,12653,"ebi-a-GCST90011866","Systemic lupus erythematosus || id:ebi-a-GCST90011866",TRUE,"reported","igd","3",TRUE
"19","rs4134466","G","A","G","A",-0.2136,-0.0368,NA,0.5334,FALSE,FALSE,FALSE,"finn-b-M13_SJOGREN","6","106577368",0.0405,NA,0.3644,"Sicca syndrome [Sj<c2><9a>gren] || id:finn-b-M13_SJOGREN","Sicca syndrome [Sj<c2><9a>gren]","Sicca syndrome [Sj<c2><9a>gren] ||  || ",TRUE,"igd",NA,NA,NA,NA,NA,NA,NA,"6",106577368,0.0306,3.09101e-12,12653,"ebi-a-GCST90011866","Systemic lupus erythematosus || id:ebi-a-GCST90011866",TRUE,"reported","igd","3",TRUE
"20","rs41430444","C","T","C","T",-0.3077,-0.1316,NA,0.08588,FALSE,FALSE,FALSE,"finn-b-M13_SJOGREN","2","191878487",0.0716,NA,0.0659295,"Sicca syndrome [Sj<c2><9a>gren] || id:finn-b-M13_SJOGREN","Sicca syndrome [Sj<c2><9a>gren]","Sicca syndrome [Sj<c2><9a>gren] ||  || ",TRUE,"igd",NA,NA,NA,NA,NA,NA,NA,"2",191878487,0.0428,6.57052e-13,12653,"ebi-a-GCST90011866","Systemic lupus erythematosus || id:ebi-a-GCST90011866",TRUE,"reported","igd","3",TRUE
"21","rs451263","A","G","A","G",0.3263,0.2798,NA,0.04615,FALSE,FALSE,FALSE,"finn-b-M13_SJOGREN","6","34549498",0.0953,NA,0.00332897,"Sicca syndrome [Sj<c2><9a>gren] || id:finn-b-M13_SJOGREN","Sicca syndrome [Sj<c2><9a>gren]","Sicca syndrome [Sj<c2><9a>gren] ||  || ",TRUE,"igd",NA,NA,NA,NA,NA,NA,NA,"6",34549498,0.0414,3.01995e-15,12653,"ebi-a-GCST90011866","Systemic lupus erythematosus || id:ebi-a-GCST90011866",TRUE,"reported","igd","3",TRUE
"22","rs4731532","A","G","A","G",0.3716,0.2629,NA,0.5014,FALSE,FALSE,FALSE,"finn-b-M13_SJOGREN","7","128572766",0.0402,NA,6.23017e-11,"Sicca syndrome [Sj<c2><9a>gren] || id:finn-b-M13_SJOGREN","Sicca syndrome [Sj<c2><9a>gren]","Sicca syndrome [Sj<c2><9a>gren] ||  || ",TRUE,"igd",NA,NA,NA,NA,NA,NA,NA,"7",128572766,0.0334,8.15267e-29,12653,"ebi-a-GCST90011866","Systemic lupus erythematosus || id:ebi-a-GCST90011866",TRUE,"reported","igd","3",TRUE
"23","rs4844538","T","A","T","A",-0.1883,-0.0078,NA,0.4159,FALSE,TRUE,TRUE,"finn-b-M13_SJOGREN","1","206642720",0.0411,NA,0.8502,"Sicca syndrome [Sj<c2><9a>gren] || id:finn-b-M13_SJOGREN","Sicca syndrome [Sj<c2><9a>gren]","Sicca syndrome [Sj<c2><9a>gren] ||  || ",TRUE,"igd",NA,NA,NA,NA,NA,NA,NA,"1",206642720,0.0322,4.81205e-09,12653,"ebi-a-GCST90011866","Systemic lupus erythematosus || id:ebi-a-GCST90011866",TRUE,"reported","igd","3",FALSE
"24","rs4930642","G","A","G","A",-0.2336,-0.0918,NA,0.9776,FALSE,FALSE,FALSE,"finn-b-M13_SJOGREN","11","68816370",0.1381,NA,0.506001,"Sicca syndrome [Sj<c2><9a>gren] || id:finn-b-M13_SJOGREN","Sicca syndrome [Sj<c2><9a>gren]","Sicca syndrome [Sj<c2><9a>gren] ||  || ",TRUE,"igd",NA,NA,NA,NA,NA,NA,NA,"11",68816370,0.0344,1.09698e-11,12653,"ebi-a-GCST90011866","Systemic lupus erythematosus || id:ebi-a-GCST90011866",TRUE,"reported","igd","3",TRUE
"25","rs5029937","T","G","T","G",0.6844,0.2843,NA,0.01809,FALSE,FALSE,FALSE,"finn-b-M13_SJOGREN","6","138195151",0.1495,NA,0.05724,"Sicca syndrome [Sj<c2><9a>gren] || id:finn-b-M13_SJOGREN","Sicca syndrome [Sj<c2><9a>gren]","Sicca syndrome [Sj<c2><9a>gren] ||  || ",TRUE,"igd",NA,NA,NA,NA,NA,NA,NA,"6",138195151,0.0676,4.32315e-24,12653,"ebi-a-GCST90011866","Systemic lupus erythematosus || id:ebi-a-GCST90011866",TRUE,"reported","igd","3",TRUE
"26","rs55701306","T","C","T","C",0.1662,-0.2057,NA,0.06777,FALSE,FALSE,FALSE,"finn-b-M13_SJOGREN","17","16842447",0.0805,NA,0.0105801,"Sicca syndrome [Sj<c2><9a>gren] || id:finn-b-M13_SJOGREN","Sicca syndrome [Sj<c2><9a>gren]","Sicca syndrome [Sj<c2><9a>gren] ||  || ",TRUE,"igd",NA,NA,NA,NA,NA,NA,NA,"17",16842447,0.0293,1.38e-08,12653,"ebi-a-GCST90011866","Systemic lupus erythematosus || id:ebi-a-GCST90011866",TRUE,"reported","igd","3",TRUE
"27","rs5749502","A","T","A","T",0.2173,0.0237,NA,0.2952,FALSE,TRUE,TRUE,"finn-b-M13_SJOGREN","22","21945096",0.044,NA,0.5895,"Sicca syndrome [Sj<c2><9a>gren] || id:finn-b-M13_SJOGREN","Sicca syndrome [Sj<c2><9a>gren]","Sicca syndrome [Sj<c2><9a>gren] ||  || ",TRUE,"igd",NA,NA,NA,NA,NA,NA,NA,"22",21945096,0.0289,5.43375e-14,12653,"ebi-a-GCST90011866","Systemic lupus erythematosus || id:ebi-a-GCST90011866",TRUE,"reported","igd","3",FALSE
"28","rs620088","A","G","A","G",-0.2044,-0.0496,NA,0.282,FALSE,FALSE,FALSE,"finn-b-M13_SJOGREN","11","65508986",0.0448,NA,0.2683,"Sicca syndrome [Sj<c2><9a>gren] || id:finn-b-M13_SJOGREN","Sicca syndrome [Sj<c2><9a>gren]","Sicca syndrome [Sj<c2><9a>gren] ||  || ",TRUE,"igd",NA,NA,NA,NA,NA,NA,NA,"11",65508986,0.0334,9.38404e-10,12653,"ebi-a-GCST90011866","Systemic lupus erythematosus || id:ebi-a-GCST90011866",TRUE,"reported","igd","3",TRUE
"29","rs6941485","G","A","G","A",0.2034,0.0415,NA,0.2644,FALSE,FALSE,FALSE,"finn-b-M13_SJOGREN","6","250619",0.0456,NA,0.3624,"Sicca syndrome [Sj<c2><9a>gren] || id:finn-b-M13_SJOGREN","Sicca syndrome [Sj<c2><9a>gren]","Sicca syndrome [Sj<c2><9a>gren] ||  || ",TRUE,"igd",NA,NA,NA,NA,NA,NA,NA,"6",250619,0.0314,9.53235e-11,12653,"ebi-a-GCST90011866","Systemic lupus erythematosus || id:ebi-a-GCST90011866",TRUE,"reported","igd","3",TRUE
"30","rs6993775","T","G","T","G",0.2987,0.1079,NA,0.7454,FALSE,FALSE,FALSE,"finn-b-M13_SJOGREN","8","11369989",0.053,NA,0.0418504,"Sicca syndrome [Sj<c2><9a>gren] || id:finn-b-M13_SJOGREN","Sicca syndrome [Sj<c2><9a>gren]","Sicca syndrome [Sj<c2><9a>gren] ||  || ",TRUE,"igd",NA,NA,NA,NA,NA,NA,NA,"8",11369989,0.0346,6.05759e-18,12653,"ebi-a-GCST90011866","Systemic lupus erythematosus || id:ebi-a-GCST90011866",TRUE,"reported","igd","3",TRUE
"31","rs7097397","A","G","A","G",-0.2385,-0.0095,NA,0.3699,FALSE,FALSE,FALSE,"finn-b-M13_SJOGREN","10","50025396",0.0416,NA,0.8198,"Sicca syndrome [Sj<c2><9a>gren] || id:finn-b-M13_SJOGREN","Sicca syndrome [Sj<c2><9a>gren]","Sicca syndrome [Sj<c2><9a>gren] ||  || ",TRUE,"igd",NA,NA,NA,NA,NA,NA,NA,"10",50025396,0.031,1.31795e-14,12653,"ebi-a-GCST90011866","Systemic lupus erythematosus || id:ebi-a-GCST90011866",TRUE,"reported","igd","3",TRUE
"32","rs7486387","A","G","A","G",-0.1886,0.0294,NA,0.1331,FALSE,FALSE,FALSE,"finn-b-M13_SJOGREN","12","12866911",0.0591,NA,0.619599,"Sicca syndrome [Sj<c2><9a>gren] || id:finn-b-M13_SJOGREN","Sicca syndrome [Sj<c2><9a>gren]","Sicca syndrome [Sj<c2><9a>gren] ||  || ",TRUE,"igd",NA,NA,NA,NA,NA,NA,NA,"12",12866911,0.0314,1.98002e-09,12653,"ebi-a-GCST90011866","Systemic lupus erythematosus || id:ebi-a-GCST90011866",TRUE,"reported","igd","3",TRUE
"33","rs7650774","C","T","C","T",-0.1798,-0.0513,NA,0.1255,FALSE,FALSE,FALSE,"finn-b-M13_SJOGREN","3","119205050",0.0602,NA,0.3948,"Sicca syndrome [Sj<c2><9a>gren] || id:finn-b-M13_SJOGREN","Sicca syndrome [Sj<c2><9a>gren]","Sicca syndrome [Sj<c2><9a>gren] ||  || ",TRUE,"igd",NA,NA,NA,NA,NA,NA,NA,"3",119205050,0.0306,4.06696e-09,12653,"ebi-a-GCST90011866","Systemic lupus erythematosus || id:ebi-a-GCST90011866",TRUE,"reported","igd","3",TRUE
"34","rs9269627","T","C","T","C",-0.6737,-0.1119,NA,0.8513,FALSE,FALSE,FALSE,"finn-b-M13_SJOGREN","6","32545604",0.0558,NA,0.0450402,"Sicca syndrome [Sj<c2><9a>gren] || id:finn-b-M13_SJOGREN","Sicca syndrome [Sj<c2><9a>gren]","Sicca syndrome [Sj<c2><9a>gren] ||  || ",TRUE,"igd",NA,NA,NA,NA,NA,NA,NA,"6",32545604,0.0347,9.31537e-84,12653,"ebi-a-GCST90011866","Systemic lupus erythematosus || id:ebi-a-GCST90011866",TRUE,"reported","igd","3",TRUE
"35","rs9387400","A","C","A","C",-0.2967,0.0189,NA,0.4754,FALSE,FALSE,FALSE,"finn-b-M13_SJOGREN","6","116694120",0.0404,NA,0.6406,"Sicca syndrome [Sj<c2><9a>gren] || id:finn-b-M13_SJOGREN","Sicca syndrome [Sj<c2><9a>gren]","Sicca syndrome [Sj<c2><9a>gren] ||  || ",TRUE,"igd",NA,NA,NA,NA,NA,NA,NA,"6",116694120,0.0536,3.13502e-08,12653,"ebi-a-GCST90011866","Systemic lupus erythematosus || id:ebi-a-GCST90011866",TRUE,"reported","igd","3",TRUE
