"","SNP","effect_allele.exposure","other_allele.exposure","effect_allele.outcome","other_allele.outcome","beta.exposure","beta.outcome","eaf.exposure","eaf.outcome","remove","palindromic","ambiguous","id.outcome","chr","pos","se.outcome","samplesize.outcome","pval.outcome","outcome","originalname.outcome","outcome.deprecated","mr_keep.outcome","data_source.outcome","proxy.outcome","target_snp.outcome","proxy_snp.outcome","target_a1.outcome","target_a2.outcome","proxy_a1.outcome","proxy_a2.outcome","pval.exposure","se.exposure","exposure","mr_keep.exposure","pval_origin.exposure","id.exposure","data_source.exposure","action","mr_keep"
"1","rs10048743","T","G","T","G",-0.231112,0.0044,NA,0.8171,FALSE,FALSE,FALSE,"finn-b-M13_SJOGREN","2","213890232",0.0519,NA,0.9329,"Sicca syndrome [Sj<c2><9a>gren] || id:finn-b-M13_SJOGREN","Sicca syndrome [Sj<c2><9a>gren]","Sicca syndrome [Sj<c2><9a>gren] ||  || ",TRUE,"igd",NA,NA,NA,NA,NA,NA,NA,2.04e-08,0.0412056,"sle_eur.txt",TRUE,"reported","6zokA3","textfile","3",TRUE
"2","rs10912578","G","A","G","A",-0.24686,-0.0404,NA,0.6842,FALSE,FALSE,FALSE,"finn-b-M13_SJOGREN","1","173251856",0.0431,NA,0.3485,"Sicca syndrome [Sj<c2><9a>gren] || id:finn-b-M13_SJOGREN","Sicca syndrome [Sj<c2><9a>gren]","Sicca syndrome [Sj<c2><9a>gren] ||  || ",TRUE,"igd",NA,NA,NA,NA,NA,NA,NA,1.65e-15,0.0309918,"sle_eur.txt",TRUE,"reported","6zokA3","textfile","3",TRUE
"3","rs1143679","A","G","A","G",0.582216,0.1381,NA,0.1166,FALSE,FALSE,FALSE,"finn-b-M13_SJOGREN","16","31276811",0.0625,NA,0.0272502,"Sicca syndrome [Sj<c2><9a>gren] || id:finn-b-M13_SJOGREN","Sicca syndrome [Sj<c2><9a>gren]","Sicca syndrome [Sj<c2><9a>gren] ||  || ",TRUE,"igd",NA,NA,NA,NA,NA,NA,NA,5.03e-48,0.0399866,"sle_eur.txt",TRUE,"reported","6zokA3","textfile","3",TRUE
"4","rs12094036","C","T","C","T",-0.328504,-0.0325,NA,0.09178,FALSE,FALSE,FALSE,"finn-b-M13_SJOGREN","1","183558174",0.0695,NA,0.64,"Sicca syndrome [Sj<c2><9a>gren] || id:finn-b-M13_SJOGREN","Sicca syndrome [Sj<c2><9a>gren]","Sicca syndrome [Sj<c2><9a>gren] ||  || ",TRUE,"igd",NA,NA,NA,NA,NA,NA,NA,1.37e-08,0.0578595,"sle_eur.txt",TRUE,"reported","6zokA3","textfile","3",TRUE
"5","rs12524498","T","G","T","G",-0.673345,-0.3269,NA,0.01994,FALSE,FALSE,FALSE,"finn-b-M13_SJOGREN","6","31444187",0.1415,NA,0.0208901,"Sicca syndrome [Sj<c2><9a>gren] || id:finn-b-M13_SJOGREN","Sicca syndrome [Sj<c2><9a>gren]","Sicca syndrome [Sj<c2><9a>gren] ||  || ",TRUE,"igd",NA,NA,NA,NA,NA,NA,NA,2.48e-08,0.120793,"sle_eur.txt",TRUE,"reported","6zokA3","textfile","3",TRUE
"6","rs13136219","T","C","T","C",-0.174353,-0.0394,NA,0.3673,FALSE,FALSE,FALSE,"finn-b-M13_SJOGREN","4","102743687",0.0416,NA,0.3435,"Sicca syndrome [Sj<c2><9a>gren] || id:finn-b-M13_SJOGREN","Sicca syndrome [Sj<c2><9a>gren]","Sicca syndrome [Sj<c2><9a>gren] ||  || ",TRUE,"igd",NA,NA,NA,NA,NA,NA,NA,3.5e-10,0.027787,"sle_eur.txt",TRUE,"reported","6zokA3","textfile","3",TRUE
"7","rs13332649","G","A","G","A",-0.314711,-0.0992,NA,0.2771,FALSE,FALSE,FALSE,"finn-b-M13_SJOGREN","16","85966683",0.0447,NA,0.0265497,"Sicca syndrome [Sj<c2><9a>gren] || id:finn-b-M13_SJOGREN","Sicca syndrome [Sj<c2><9a>gren]","Sicca syndrome [Sj<c2><9a>gren] ||  || ",TRUE,"igd",NA,NA,NA,NA,NA,NA,NA,5.43e-17,0.0375683,"sle_eur.txt",TRUE,"reported","6zokA3","textfile","3",TRUE
"8","rs143123127","A","G","A","G",0.470004,0.0553,NA,0.0425,FALSE,FALSE,FALSE,"finn-b-M13_SJOGREN","17","38009000",0.0992,NA,0.5776,"Sicca syndrome [Sj<c2><9a>gren] || id:finn-b-M13_SJOGREN","Sicca syndrome [Sj<c2><9a>gren]","Sicca syndrome [Sj<c2><9a>gren] ||  || ",TRUE,"igd",TRUE,"rs143123127","rs8068894","A","G","G","A",2.23e-08,0.0840342,"sle_eur.txt",TRUE,"reported","6zokA3","textfile","3",TRUE
"9","rs150180633","T","C","T","C",0.928219,-0.4188,NA,0.00373,FALSE,FALSE,FALSE,"finn-b-M13_SJOGREN","6","31010047",0.3195,NA,0.19,"Sicca syndrome [Sj<c2><9a>gren] || id:finn-b-M13_SJOGREN","Sicca syndrome [Sj<c2><9a>gren]","Sicca syndrome [Sj<c2><9a>gren] ||  || ",TRUE,"igd",NA,NA,NA,NA,NA,NA,NA,2.66e-41,0.0689573,"sle_eur.txt",TRUE,"reported","6zokA3","textfile","3",TRUE
"10","rs17849501","T","C","T","C",0.81093,0.0799,NA,0.03815,FALSE,FALSE,FALSE,"finn-b-M13_SJOGREN","1","183542323",0.104,NA,0.4422,"Sicca syndrome [Sj<c2><9a>gren] || id:finn-b-M13_SJOGREN","Sicca syndrome [Sj<c2><9a>gren]","Sicca syndrome [Sj<c2><9a>gren] ||  || ",TRUE,"igd",NA,NA,NA,NA,NA,NA,NA,1.81e-59,0.0498642,"sle_eur.txt",TRUE,"reported","6zokA3","textfile","3",TRUE
"11","rs2431697","C","T","C","T",-0.223144,-0.0758,NA,0.3877,FALSE,FALSE,FALSE,"finn-b-M13_SJOGREN","5","159879978",0.0411,NA,0.0649397,"Sicca syndrome [Sj<c2><9a>gren] || id:finn-b-M13_SJOGREN","Sicca syndrome [Sj<c2><9a>gren]","Sicca syndrome [Sj<c2><9a>gren] ||  || ",TRUE,"igd",NA,NA,NA,NA,NA,NA,NA,2.6e-14,0.0292964,"sle_eur.txt",TRUE,"reported","6zokA3","textfile","3",TRUE
"12","rs2459611","T","C","T","C",0.261365,0.124,NA,0.9467,FALSE,FALSE,FALSE,"finn-b-M13_SJOGREN","2","191939187",0.0891,NA,0.1639,"Sicca syndrome [Sj<c2><9a>gren] || id:finn-b-M13_SJOGREN","Sicca syndrome [Sj<c2><9a>gren]","Sicca syndrome [Sj<c2><9a>gren] ||  || ",TRUE,"igd",NA,NA,NA,NA,NA,NA,NA,7.62e-09,0.045245,"sle_eur.txt",TRUE,"reported","6zokA3","textfile","3",TRUE
"13","rs268124","T","C","T","C",0.18633,0.0026,NA,0.6249,FALSE,FALSE,FALSE,"finn-b-M13_SJOGREN","2","65654364",0.0414,NA,0.9495,"Sicca syndrome [Sj<c2><9a>gren] || id:finn-b-M13_SJOGREN","Sicca syndrome [Sj<c2><9a>gren]","Sicca syndrome [Sj<c2><9a>gren] ||  || ",TRUE,"igd",NA,NA,NA,NA,NA,NA,NA,8.6e-09,0.0323703,"sle_eur.txt",TRUE,"reported","6zokA3","textfile","3",TRUE
"14","rs34703115","C","T","C","T",-0.616186,0.0666,NA,0.03355,FALSE,FALSE,FALSE,"finn-b-M13_SJOGREN","2","40282854",0.1138,NA,0.558799,"Sicca syndrome [Sj<c2><9a>gren] || id:finn-b-M13_SJOGREN","Sicca syndrome [Sj<c2><9a>gren]","Sicca syndrome [Sj<c2><9a>gren] ||  || ",TRUE,"igd",NA,NA,NA,NA,NA,NA,NA,4.08e-09,0.104778,"sle_eur.txt",TRUE,"reported","6zokA3","textfile","3",TRUE
"15","rs35000415","T","C","T","C",0.587787,0.3112,NA,0.1502,FALSE,FALSE,FALSE,"finn-b-M13_SJOGREN","7","128585616",0.0568,NA,4.24698e-08,"Sicca syndrome [Sj<c2><9a>gren] || id:finn-b-M13_SJOGREN","Sicca syndrome [Sj<c2><9a>gren]","Sicca syndrome [Sj<c2><9a>gren] ||  || ",TRUE,"igd",NA,NA,NA,NA,NA,NA,NA,1.86e-45,0.041539,"sle_eur.txt",TRUE,"reported","6zokA3","textfile","3",TRUE
"16","rs35251378","A","G","A","G",-0.235722,-0.0498,NA,0.2616,FALSE,FALSE,FALSE,"finn-b-M13_SJOGREN","19","10459969",0.0456,NA,0.2756,"Sicca syndrome [Sj<c2><9a>gren] || id:finn-b-M13_SJOGREN","Sicca syndrome [Sj<c2><9a>gren]","Sicca syndrome [Sj<c2><9a>gren] ||  || ",TRUE,"igd",NA,NA,NA,NA,NA,NA,NA,3.61e-13,0.0324266,"sle_eur.txt",TRUE,"reported","6zokA3","textfile","3",TRUE
"17","rs353608","G","A","G","A",0.18633,-0.0148,NA,0.5335,FALSE,FALSE,FALSE,"finn-b-M13_SJOGREN","11","35101738",0.0402,NA,0.7122,"Sicca syndrome [Sj<c2><9a>gren] || id:finn-b-M13_SJOGREN","Sicca syndrome [Sj<c2><9a>gren]","Sicca syndrome [Sj<c2><9a>gren] ||  || ",TRUE,"igd",NA,NA,NA,NA,NA,NA,NA,2.93e-11,0.0280198,"sle_eur.txt",TRUE,"reported","6zokA3","textfile","3",TRUE
"18","rs3747093","A","G","A","G",0.262364,0.0586,NA,0.3124,FALSE,FALSE,FALSE,"finn-b-M13_SJOGREN","22","21984379",0.0434,NA,0.1769,"Sicca syndrome [Sj<c2><9a>gren] || id:finn-b-M13_SJOGREN","Sicca syndrome [Sj<c2><9a>gren]","Sicca syndrome [Sj<c2><9a>gren] ||  || ",TRUE,"igd",NA,NA,NA,NA,NA,NA,NA,2.88e-14,0.0345055,"sle_eur.txt",TRUE,"reported","6zokA3","textfile","3",TRUE
"19","rs389884","G","A","G","A",0.928219,0.7331,NA,0.09158,FALSE,FALSE,FALSE,"finn-b-M13_SJOGREN","6","31940897",0.0741,NA,4.63874e-23,"Sicca syndrome [Sj<c2><9a>gren] || id:finn-b-M13_SJOGREN","Sicca syndrome [Sj<c2><9a>gren]","Sicca syndrome [Sj<c2><9a>gren] ||  || ",TRUE,"igd",NA,NA,NA,NA,NA,NA,NA,2.92e-102,0.0432319,"sle_eur.txt",TRUE,"reported","6zokA3","textfile","3",TRUE
"20","rs4274624","T","C","T","C",-0.559616,-0.2216,NA,0.7692,FALSE,FALSE,FALSE,"finn-b-M13_SJOGREN","2","191958656",0.048,NA,3.87704e-06,"Sicca syndrome [Sj<c2><9a>gren] || id:finn-b-M13_SJOGREN","Sicca syndrome [Sj<c2><9a>gren]","Sicca syndrome [Sj<c2><9a>gren] ||  || ",TRUE,"igd",NA,NA,NA,NA,NA,NA,NA,9.73e-66,0.0326791,"sle_eur.txt",TRUE,"reported","6zokA3","textfile","3",TRUE
"21","rs4388254","T","C","T","C",0.378436,-0.002,NA,0.1127,FALSE,FALSE,FALSE,"finn-b-M13_SJOGREN","5","133428601",0.0633,NA,0.9747,"Sicca syndrome [Sj<c2><9a>gren] || id:finn-b-M13_SJOGREN","Sicca syndrome [Sj<c2><9a>gren]","Sicca syndrome [Sj<c2><9a>gren] ||  || ",TRUE,"igd",NA,NA,NA,NA,NA,NA,NA,3.71e-10,0.0603977,"sle_eur.txt",TRUE,"reported","6zokA3","textfile","3",TRUE
"22","rs4916215","T","C","T","C",0.223144,5e-04,NA,0.8158,FALSE,FALSE,FALSE,"finn-b-M13_SJOGREN","1","173314540",0.0517,NA,0.993,"Sicca syndrome [Sj<c2><9a>gren] || id:finn-b-M13_SJOGREN","Sicca syndrome [Sj<c2><9a>gren]","Sicca syndrome [Sj<c2><9a>gren] ||  || ",TRUE,"igd",NA,NA,NA,NA,NA,NA,NA,5.07e-11,0.0339693,"sle_eur.txt",TRUE,"reported","6zokA3","textfile","3",TRUE
"23","rs58688157","G","A","G","A",-0.223144,-0.0112,NA,0.2065,FALSE,FALSE,FALSE,"finn-b-M13_SJOGREN","11","625085",0.0496,NA,0.8207,"Sicca syndrome [Sj<c2><9a>gren] || id:finn-b-M13_SJOGREN","Sicca syndrome [Sj<c2><9a>gren]","Sicca syndrome [Sj<c2><9a>gren] ||  || ",TRUE,"igd",NA,NA,NA,NA,NA,NA,NA,2.97e-11,0.0335647,"sle_eur.txt",TRUE,"reported","6zokA3","textfile","3",TRUE
"24","rs58721818","T","C","T","C",0.65752,0.2514,NA,0.01807,FALSE,FALSE,FALSE,"finn-b-M13_SJOGREN","6","138243739",0.1498,NA,0.0933104,"Sicca syndrome [Sj<c2><9a>gren] || id:finn-b-M13_SJOGREN","Sicca syndrome [Sj<c2><9a>gren]","Sicca syndrome [Sj<c2><9a>gren] ||  || ",TRUE,"igd",NA,NA,NA,NA,NA,NA,NA,3.38e-18,0.0755941,"sle_eur.txt",TRUE,"reported","6zokA3","textfile","3",TRUE
"25","rs597808","G","A","G","A",-0.162519,-0.0333,NA,0.5854,FALSE,FALSE,FALSE,"finn-b-M13_SJOGREN","12","111973358",0.0406,NA,0.4129,"Sicca syndrome [Sj<c2><9a>gren] || id:finn-b-M13_SJOGREN","Sicca syndrome [Sj<c2><9a>gren]","Sicca syndrome [Sj<c2><9a>gren] ||  || ",TRUE,"igd",NA,NA,NA,NA,NA,NA,NA,3.51e-08,0.0294736,"sle_eur.txt",TRUE,"reported","6zokA3","textfile","3",TRUE
"26","rs6671847","A","G","A","G",0.198851,0.0703,NA,0.4539,FALSE,FALSE,FALSE,"finn-b-M13_SJOGREN","1","161478810",0.0403,NA,0.0809301,"Sicca syndrome [Sj<c2><9a>gren] || id:finn-b-M13_SJOGREN","Sicca syndrome [Sj<c2><9a>gren]","Sicca syndrome [Sj<c2><9a>gren] ||  || ",TRUE,"igd",NA,NA,NA,NA,NA,NA,NA,6.64e-12,0.0289651,"sle_eur.txt",TRUE,"reported","6zokA3","textfile","3",TRUE
"27","rs6679677","A","C","A","C",0.336472,0.1138,NA,0.1468,FALSE,FALSE,FALSE,"finn-b-M13_SJOGREN","1","114303808",0.0562,NA,0.0428795,"Sicca syndrome [Sj<c2><9a>gren] || id:finn-b-M13_SJOGREN","Sicca syndrome [Sj<c2><9a>gren]","Sicca syndrome [Sj<c2><9a>gren] ||  || ",TRUE,"igd",NA,NA,NA,NA,NA,NA,NA,4.55e-13,0.0464854,"sle_eur.txt",TRUE,"reported","6zokA3","textfile","3",TRUE
"28","rs6889239","C","T","C","T",0.277632,0.1098,NA,0.2861,FALSE,FALSE,FALSE,"finn-b-M13_SJOGREN","5","150457771",0.0445,NA,0.0136301,"Sicca syndrome [Sj<c2><9a>gren] || id:finn-b-M13_SJOGREN","Sicca syndrome [Sj<c2><9a>gren]","Sicca syndrome [Sj<c2><9a>gren] ||  || ",TRUE,"igd",NA,NA,NA,NA,NA,NA,NA,2.19e-18,0.03174,"sle_eur.txt",TRUE,"reported","6zokA3","textfile","3",TRUE
"29","rs7097397","A","G","A","G",-0.18633,-0.0095,NA,0.3699,FALSE,FALSE,FALSE,"finn-b-M13_SJOGREN","10","50025396",0.0416,NA,0.8198,"Sicca syndrome [Sj<c2><9a>gren] || id:finn-b-M13_SJOGREN","Sicca syndrome [Sj<c2><9a>gren]","Sicca syndrome [Sj<c2><9a>gren] ||  || ",TRUE,"igd",NA,NA,NA,NA,NA,NA,NA,8.6e-11,0.0287118,"sle_eur.txt",TRUE,"reported","6zokA3","textfile","3",TRUE
"30","rs73068668","A","G","A","G",-0.314711,-0.0141,NA,0.08318,FALSE,FALSE,FALSE,"finn-b-M13_SJOGREN","19","55763262",0.0727,NA,0.8462,"Sicca syndrome [Sj<c2><9a>gren] || id:finn-b-M13_SJOGREN","Sicca syndrome [Sj<c2><9a>gren]","Sicca syndrome [Sj<c2><9a>gren] ||  || ",TRUE,"igd",NA,NA,NA,NA,NA,NA,NA,4.4e-08,0.0574903,"sle_eur.txt",TRUE,"reported","6zokA3","textfile","3",TRUE
"31","rs7768653","T","C","T","C",-0.207014,-0.0395,NA,0.5333,FALSE,FALSE,FALSE,"finn-b-M13_SJOGREN","6","106574794",0.0406,NA,0.3298,"Sicca syndrome [Sj<c2><9a>gren] || id:finn-b-M13_SJOGREN","Sicca syndrome [Sj<c2><9a>gren]","Sicca syndrome [Sj<c2><9a>gren] ||  || ",TRUE,"igd",NA,NA,NA,NA,NA,NA,NA,3.11e-12,0.0296891,"sle_eur.txt",TRUE,"reported","6zokA3","textfile","3",TRUE
"32","rs7899626","T","C","T","C",0.182322,-0.0049,NA,0.3924,FALSE,FALSE,FALSE,"finn-b-M13_SJOGREN","10","63825561",0.0414,NA,0.9054,"Sicca syndrome [Sj<c2><9a>gren] || id:finn-b-M13_SJOGREN","Sicca syndrome [Sj<c2><9a>gren]","Sicca syndrome [Sj<c2><9a>gren] ||  || ",TRUE,"igd",NA,NA,NA,NA,NA,NA,NA,4.19e-08,0.0332532,"sle_eur.txt",TRUE,"reported","6zokA3","textfile","3",TRUE
